id,t,x,y,z
19308810,0,0.608946,-0.143531,0.082646
19308811,1,0.608965,-0.140177,0.0815805
19308812,2,0.609027,-0.136768,0.0805164
19308813,3,0.609213,-0.133183,0.0794809
19308814,4,0.609611,-0.129305,0.0784821
19308815,5,0.610316,-0.125109,0.0775097
19308816,6,0.611408,-0.120685,0.0765807
19308817,7,0.612931,-0.116214,0.075764
19308818,8,0.614887,-0.111909,0.0751588
19308819,9,0.617233,-0.107972,0.0748615
19308820,10,0.619907,-0.104558,0.0749594
19308821,11,0.622842,-0.101759,0.0755261
19308822,12,0.625964,-0.0995847,0.0765993
19308823,13,0.629146,-0.0979081,0.0781173
19308824,14,0.632264,-0.0965191,0.0799539
19308825,15,0.635241,-0.0952206,0.0819686
19308826,16,0.638044,-0.0938529,0.0840438
19308827,17,0.640669,-0.0923008,0.0860994
19308828,18,0.64312,-0.0905001,0.0880914
19308829,19,0.645409,-0.0884292,0.0899949
19308830,20,0.647545,-0.0860988,0.0917999
19308831,21,0.649529,-0.0835389,0.0935065
19308832,22,0.651357,-0.0807845,0.0951139
19308833,23,0.653027,-0.0778711,0.096624
19308834,24,0.654563,-0.0748575,0.0980455
19308835,25,0.655983,-0.0718031,0.0993895
19308836,26,0.657275,-0.0687712,0.100668
19308837,27,0.658386,-0.0658705,0.101855
19308838,28,0.659234,-0.0632544,0.102881
19308839,29,0.659779,-0.0609257,0.103726
19308840,30,0.660046,-0.0587713,0.104434
19308841,31,0.660118,-0.0566556,0.105107
19308842,32,0.660058,-0.0545012,0.105836
19308843,33,0.659885,-0.0523065,0.106664
19308844,34,0.659573,-0.0501203,0.107598
19308845,35,0.659072,-0.048007,0.108605
19308846,36,0.658321,-0.0460142,0.109633
19308847,37,0.657274,-0.0441564,0.110641
19308848,38,0.655904,-0.0424162,0.111613
19308849,39,0.654213,-0.0407514,0.11257
19308850,40,0.652232,-0.0391088,0.11355
19308851,41,0.650014,-0.0374307,0.114592
19308852,42,0.647614,-0.0356676,0.115728
19308853,43,0.645085,-0.0337883,0.116978
19308854,44,0.642463,-0.0317858,0.118359
19308855,45,0.639771,-0.0296752,0.119876
19308856,46,0.637026,-0.0274844,0.121528
19308857,47,0.634249,-0.0252452,0.123314
19308858,48,0.631463,-0.0229899,0.125236
19308859,49,0.628692,-0.0207414,0.127299
19308860,50,0.625947,-0.018503,0.129508
19308861,51,0.62322,-0.0162586,0.131864
19308862,52,0.620492,-0.0139823,0.134362
19308863,53,0.617737,-0.0116502,0.136971
19308864,54,0.614926,-0.00924837,0.139632
19308865,55,0.612022,-0.00677598,0.142251
19308866,56,0.60898,-0.00424175,0.144688
19308867,57,0.605756,-0.00165443,0.146771
19308868,58,0.602319,0.000977603,0.148326
19308869,59,0.598653,0.00364832,0.149227
19308870,60,0.594755,0.00636477,0.149459
19308871,61,0.590654,0.00913959,0.149128
19308872,62,0.586423,0.0119754,0.148436
19308873,63,0.582189,0.0148508,0.147614
19308874,64,0.578114,0.0177088,0.146871
19308875,65,0.574363,0.0204479,0.146405
19308876,66,0.571083,0.0229316,0.146333
19308877,67,0.568392,0.0249985,0.146684
19308878,68,0.566385,0.026495,0.147422
19308879,69,0.565056,0.027349,0.148397
19308880,70,0.56422,0.0276255,0.149336
19308881,71,0.563694,0.0274002,0.150023
19308882,72,0.563276,0.0267735,0.150341
19308883,73,0.562832,0.0258105,0.150273
19308884,74,0.562267,0.0245695,0.149897
19308885,75,0.561556,0.0230572,0.149308
19308886,76,0.560736,0.0212871,0.148633
19308887,77,0.559889,0.0193367,0.148047
19308888,78,0.559116,0.0172426,0.14767
19308889,79,0.558531,0.0150064,0.147553
19308890,80,0.558235,0.0125928,0.147711
19308891,81,0.558281,0.00997705,0.148115
19308892,82,0.558612,0.0072229,0.148647
19308893,83,0.559042,0.00447504,0.149073
19308894,84,0.559441,0.00167098,0.149174
19308895,85,0.559768,-0.00137114,0.148818
19308896,87,0.560049,-0.00481086,0.147979
19308897,88,0.560367,-0.008748,0.146706
19308898,89,0.560852,-0.0132132,0.145086
19308899,90,0.561654,-0.0181705,0.143221
19308900,91,0.562913,-0.0235329,0.141214
19308901,92,0.564743,-0.029183,0.139154
19308902,93,0.567213,-0.034993,0.13712
19308903,94,0.570345,-0.0408448,0.135177
19308904,95,0.57412,-0.046645,0.133392
19308905,96,0.578467,-0.0523342,0.131852
19308906,97,0.583275,-0.0578836,0.130664
19308907,98,0.5884,-0.0632854,0.12988
19308908,99,0.593685,-0.0685345,0.129488
19308909,100,0.598971,-0.0736179,0.129426
19308910,101,0.604101,-0.0785087,0.129598
19308911,102,0.60893,-0.0831507,0.129942
19308912,103,0.613324,-0.0874532,0.130484
19308913,104,0.617163,-0.0913121,0.131314
19308914,105,0.620398,-0.0946778,0.132511
19308915,106,0.623079,-0.0976078,0.13407
19308916,107,0.625249,-0.100158,0.135978
19308917,108,0.626974,-0.102399,0.138166
19308918,109,0.628324,-0.104377,0.14053
19308919,110,0.629418,-0.106141,0.14288
19308920,111,0.630286,-0.107704,0.145017
19308921,112,0.630924,-0.109108,0.146683
19308922,113,0.631371,-0.110491,0.147544
19308923,114,0.631591,-0.111989,0.147317
19308924,115,0.631529,-0.113764,0.145917
19308925,116,0.631177,-0.116027,0.143545
19308926,117,0.630506,-0.11896,0.140421
19308927,118,0.62946,-0.122626,0.136677
19308928,119,0.628023,-0.126895,0.132488
19308929,120,0.626204,-0.131481,0.127997
19308930,121,0.624104,-0.135883,0.123423
19308931,122,0.621826,-0.139567,0.118934
19308932,123,0.619432,-0.142177,0.114631
19308933,124,0.617038,-0.143646,0.110675
19308934,125,0.614869,-0.144235,0.107338
19308935,126,0.613007,-0.144237,0.10473
19308936,127,0.611392,-0.14395,0.102786
19308937,128,0.609902,-0.143715,0.101327
19308938,129,0.608454,-0.143752,0.100142
19308939,130,0.607054,-0.14411,0.0990447
19308940,131,0.605792,-0.144696,0.0979245
19308941,132,0.604804,-0.145331,0.0968066
19308942,133,0.604191,-0.145843,0.0958031
19308943,134,0.603973,-0.146155,0.0949705
19308944,135,0.604079,-0.146304,0.0942777
19308945,136,0.604405,-0.146368,0.0936651
19308946,137,0.60486,-0.14641,0.0930828
19308947,138,0.605368,-0.146457,0.0924957
19308948,139,0.60587,-0.146515,0.0918838
19308949,140,0.606326,-0.146586,0.0912403
19308950,141,0.60671,-0.146675,0.0905668
19308951,142,0.607024,-0.146783,0.0898694
19308952,143,0.607291,-0.146904,0.0891565
19308953,144,0.607544,-0.147026,0.0884359
19308954,145,0.607806,-0.147131,0.0877117
19308955,146,0.608084,-0.147216,0.0869869
19308956,147,0.608384,-0.147281,0.0862636
19308957,148,0.608689,-0.147329,0.0855384
19308958,149,0.60898,-0.147359,0.0848072
19308959,150,0.609265,-0.147378,0.0840735
19308960,151,0.609555,-0.147389,0.083342
19308961,152,0.609844,-0.147397,0.0826112
19308962,153,0.610112,-0.147411,0.0818768
19308963,154,0.610345,-0.147457,0.0811398
19308964,155,0.610548,-0.147568,0.0804063
19308965,156,0.610734,-0.14775,0.0796826
19308966,157,0.610924,-0.148,0.0789725
19308967,158,0.611135,-0.148305,0.0782706
19308968,159,0.611368,-0.148643,0.0775594
19308969,160,0.611622,-0.148981,0.0768115
19308970,161,0.611896,-0.149267,0.0759924
19308971,162,0.612185,-0.149466,0.075075
19308972,163,0.612484,-0.14956,0.0740545
19308973,164,0.612777,-0.149561,0.0729696
19308974,165,0.613041,-0.149519,0.0719039
19308975,166,0.613272,-0.149477,0.0709011
19308976,167,0.613485,-0.149478,0.0699666
19308977,168,0.613694,-0.149539,0.0690899
19308978,169,0.613915,-0.149646,0.0682622
19308979,170,0.614143,-0.149782,0.0674716
19308980,171,0.614376,-0.149926,0.0667029
19308981,172,0.61461,-0.150062,0.0659435
19308982,173,0.614844,-0.15019,0.0651859
