x,y,vel_x,vel_y
-0.234766,0.144594,0.0468634,0.00555227
-0.234297,0.144649,0.0468309,0.00539763
-0.233838,0.1447,0.0443568,0.0045039
-0.233433,0.144775,0.0350966,0.0143189
-0.233148,0.145038,0.0219753,0.0396374
-0.232978,0.145567,0.0134161,0.064554
-0.232856,0.146299,0.012117,0.080455
-0.232719,0.147138,0.0160218,0.0850845
-0.23253,0.147969,0.0216962,0.0801037
-0.232295,0.148731,0.0242801,0.0724221
-0.232074,0.149423,0.0178032,0.0666051
-0.231971,0.15006,0.00156579,0.05969
-0.232056,0.150593,-0.0187367,0.0456057
-0.232334,0.15095,-0.0352593,0.0250292
-0.23274,0.151068,-0.045352,-0.0031318
-0.233227,0.15085,-0.0512975,-0.0424082
-0.233746,0.150191,-0.0512845,-0.0905639
-0.234212,0.149045,-0.0390585,-0.136946
-0.234489,0.147484,-0.0154135,-0.173735
-0.234518,0.145622,0.00870661,-0.1951
-0.234331,0.143635,0.0280817,-0.200556
-0.233974,0.14164,0.0421859,-0.197091
-0.233526,0.139734,0.0447316,-0.181376
-0.233122,0.138058,0.034727,-0.152238
-0.232847,0.136706,0.0199352,-0.117991
-0.232719,0.135683,0.00641046,-0.0880328
-0.232704,0.134917,-0.00248501,-0.0665677
-0.232754,0.134334,-0.00709895,-0.050661
-0.232839,0.133903,-0.0097758,-0.0350333
-0.232949,0.133648,-0.0123583,-0.0147558
-0.233091,0.133636,-0.0163189,0.014028
-0.233283,0.133962,-0.0224402,0.0525828
-0.233543,0.134711,-0.0295288,0.0981925
-0.233862,0.135922,-0.0332615,0.142827
-0.234171,0.137501,-0.0259007,0.167504
-0.234348,0.139194,-0.00895058,0.168672
-0.234335,0.140824,0.0125637,0.154483
-0.234084,0.142241,0.0378472,0.127543
-0.233586,0.143368,0.0607489,0.098717
-0.232914,0.144263,0.0703689,0.0842035
-0.232234,0.145114,0.0634923,0.0880881
-0.231678,0.14605,0.0464407,0.0995288
-0.23132,0.147086,0.0248734,0.105576
-0.231178,0.148119,0.00399206,0.0988531
-0.231228,0.149019,-0.0132081,0.0789338
-0.23142,0.149667,-0.0237109,0.0498141
-0.231676,0.150007,-0.0264534,0.0181306
-0.231938,0.150032,-0.0258147,-0.0127787
-0.232189,0.14976,-0.0242906,-0.0411462
-0.232409,0.149227,-0.0183198,-0.0640238
-0.232533,0.148497,-0.00559803,-0.0814908
-0.232504,0.147613,0.0122304,-0.0944031
-0.232275,0.14662,0.0343016,-0.104031
-0.231808,0.145532,0.0593186,-0.113622
-0.231099,0.144359,0.0811681,-0.119888
-0.230202,0.143145,0.0977685,-0.123021
-0.229155,0.141898,0.110911,-0.126406
-0.228016,0.140638,0.114454,-0.12362
-0.226906,0.139456,0.105982,-0.111689
-0.225924,0.138416,0.0891532,-0.0959346
-0.225143,0.137537,0.0662516,-0.0802302
-0.22461,0.136805,0.0399949,-0.0666021
-0.224347,0.136198,0.0124666,-0.0549707
-0.224361,0.135707,-0.0151202,-0.0429178
-0.224648,0.135344,-0.0420724,-0.0295334
-0.225197,0.135104,-0.0673687,-0.0196882
-0.225976,0.134928,-0.0869494,-0.0166459
-0.226909,0.134763,-0.0983829,-0.0161298
-0.227925,0.134614,-0.104257,-0.0130869
-0.228985,0.134514,-0.107605,-0.00622301
-0.230069,0.134494,-0.108596,0.00206929
-0.231146,0.134545,-0.106141,0.00714233
-0.232187,0.13463,-0.102043,0.0100832
-0.23319,0.134758,-0.098943,0.016398
-0.234175,0.134978,-0.0985189,0.0288856
-0.235171,0.135356,-0.101137,0.0475548
-0.236201,0.135938,-0.104805,0.0689514
-0.237256,0.136719,-0.105368,0.0856041
-0.238295,0.137635,-0.10204,0.0974871
-0.239295,0.138679,-0.0982308,0.112303
-0.240269,0.1399,-0.0972396,0.13302
-0.241253,0.141347,-0.100079,0.156181
-0.242272,0.142994,-0.103221,0.170421
-0.24331,0.144703,-0.104096,0.168751
-0.244348,0.146326,-0.103417,0.153968
-0.245374,0.147753,-0.101599,0.130371
-0.246375,0.14892,-0.0980539,0.102849
-0.247326,0.149812,-0.0915714,0.0760815
-0.248194,0.150453,-0.0815838,0.0526491
-0.248946,0.150878,-0.0680905,0.033166
-0.249543,0.151127,-0.0506334,0.0168991
-0.249935,0.151212,-0.0262618,-0.000515236
-0.250035,0.151097,0.00805319,-0.0236234
-0.249747,0.150725,0.0505501,-0.0513284
-0.24903,0.150084,0.0912047,-0.0749602
-0.247941,0.149248,0.126358,-0.0918277
-0.246514,0.148259,0.158209,-0.105256
-0.244826,0.147176,0.175377,-0.108748
-0.243087,0.146135,0.168454,-0.097037
-0.241508,0.14527,0.146106,-0.0748994
-0.240173,0.144654,0.121156,-0.0477282
-0.239076,0.144318,0.0990451,-0.0197102
-0.238182,0.144241,0.0802305,0.00285552
-0.237465,0.144347,0.0631237,0.0168769
-0.236918,0.144554,0.0463508,0.023389
-0.236538,0.144801,0.0297022,0.0257049
-0.236321,0.145058,0.0139131,0.025113
-0.236255,0.14529,-0.000431264,0.0205998
-0.236326,0.145463,-0.013736,0.0139922
-0.23653,0.145575,-0.0270198,0.00910289
-0.23687,0.14566,-0.0413327,0.0084298
-0.237354,0.145756,-0.0549088,0.0114329
-0.237958,0.145889,-0.0654714,0.0146925
-0.238645,0.146045,-0.070643,0.0164762
-0.239348,0.146214,-0.0689715,0.0167753
-0.240013,0.146374,-0.0637341,0.0150199
-0.240624,0.146509,-0.0586982,0.0117296
-0.241192,0.1466,-0.0552637,0.00596265
-0.241733,0.146626,-0.053087,-0.000563004
-0.242255,0.146599,-0.0513728,-0.00416896
-0.242762,0.146556,-0.0500005,-0.00373953
-0.243257,0.146535,-0.0491666,-1.08024E-05
-0.243746,0.14656,-0.0487746,0.00515484
-0.244233,0.146634,-0.0484773,0.00919973
-0.244715,0.14674,-0.0477712,0.0120214
-0.245187,0.146875,-0.0465495,0.0149977
-0.245644,0.147049,-0.0449438,0.0207087
-0.246084,0.147299,-0.0427561,0.0292835
-0.246495,0.147622,-0.0391845,0.0338986
-0.246863,0.147952,-0.0342636,0.0309593
-0.24718,0.148219,-0.0293751,0.021334
-0.24746,0.148373,-0.0273403,0.0101378
-0.24774,0.148424,-0.0291976,-0.000237893
-0.248052,0.148364,-0.0336328,-0.0120491
-0.24842,0.148193,-0.0401708,-0.0208108
-0.248861,0.147974,-0.0484191,-0.02148
-0.249391,0.147788,-0.0575634,-0.0148632
-0.250014,0.147686,-0.0670443,-0.00565773
-0.250728,0.147671,-0.0752859,0.00251411
-0.251509,0.147732,-0.0802182,0.00942398
-0.252317,0.147858,-0.0806503,0.0156447
-0.253105,0.148038,-0.0762541,0.0199128
-0.253825,0.148243,-0.0666065,0.0202391
-0.254416,0.148425,-0.0504876,0.0150603
-0.254807,0.148514,-0.0261639,0.000838614
-0.25491,0.148405,0.00686866,-0.0242168
-0.254656,0.148005,0.0440386,-0.0567357
-0.254059,0.147285,0.072397,-0.0850118
-0.253259,0.146344,0.0855555,-0.101249
-0.252382,0.145292,0.0884839,-0.107678
-0.25151,0.144216,0.0850377,-0.106647
-0.250693,0.143174,0.0780896,-0.101205
-0.249954,0.142197,0.069386,-0.0940772
-0.249307,0.141293,0.0602235,-0.086997
-0.248747,0.140455,0.0517778,-0.0807544
-0.248267,0.139675,0.0446755,-0.0752429
-0.247846,0.138948,0.039844,-0.0701155
-0.247458,0.138272,0.0384595,-0.0653077
-0.247065,0.13764,0.0408134,-0.0611037
-0.246633,0.137048,0.0459094,-0.0573748
-0.246143,0.136492,0.0521846,-0.0538236
-0.245591,0.135972,0.0579701,-0.050234
-0.24499,0.135489,0.0616367,-0.0461705
-0.244369,0.13505,0.0620274,-0.0414876
-0.243761,0.13466,0.0589484,-0.0365325
-0.2432,0.134319,0.0527704,-0.0316126
-0.242715,0.134028,0.0439946,-0.0265645
-0.242325,0.133787,0.0337692,-0.0217861
-0.242035,0.133584,0.024788,-0.019525
-0.241822,0.133386,0.017934,-0.0205167
-0.241672,0.133167,0.0122817,-0.023498
-0.241572,0.132911,0.00804285,-0.0279406
-0.241508,0.132605,0.00471779,-0.0334502
-0.241477,0.13224,0.00146243,-0.0396483
-0.241479,0.13181,-0.00167557,-0.0465215
-0.241509,0.131306,-0.00437534,-0.054288
-0.241566,0.13072,-0.00693397,-0.0633016
-0.241648,0.130038,-0.00958576,-0.0731197
-0.241758,0.129257,-0.0124109,-0.0829967
-0.241899,0.128377,-0.0158041,-0.093122
-0.242076,0.127398,-0.0196269,-0.102165
-0.242292,0.126344,-0.0237014,-0.108189
-0.242551,0.125246,-0.028126,-0.110892
-0.242856,0.124135,-0.0330516,-0.110857
-0.243213,0.123034,-0.0384136,-0.109241
-0.243625,0.121952,-0.0438173,-0.107229
-0.244087,0.120891,-0.0484355,-0.104783
-0.244588,0.119859,-0.0514198,-0.101366
-0.24511,0.118866,-0.0526966,-0.0971121
-0.245636,0.117919,-0.0521206,-0.0922858
-0.246145,0.117021,-0.0493581,-0.0871435
-0.246614,0.116176,-0.0441151,-0.0820456
-0.247018,0.115379,-0.0362188,-0.0774115
-0.24733,0.114625,-0.0257537,-0.073631
-0.247527,0.113902,-0.0132922,-0.0711895
-0.247595,0.113197,-0.00034693,-0.0699876
-0.247539,0.112501,0.0111066,-0.0689877
-0.247381,0.111819,0.0200971,-0.0672598
-0.247144,0.11116,0.0267851,-0.0645326
-0.246852,0.110533,0.0312794,-0.0605482
-0.246526,0.109954,0.0336038,-0.0548142
-0.246186,0.109443,0.0342055,-0.0470764
-0.245846,0.109019,0.0336015,-0.0375525
-0.245517,0.108696,0.0319226,-0.0269321
-0.245211,0.108479,0.0292649,-0.0165561
-0.244935,0.108356,0.025736,-0.00882835
-0.244697,0.108282,0.0219922,-0.00747642
-0.24449,0.108168,0.0199223,-0.0175571
-0.244283,0.107873,0.0224904,-0.0449164
-0.24401,0.107195,0.0338825,-0.0946718
-0.243565,0.105903,0.0572966,-0.167426
-0.24283,0.103793,0.0910729,-0.256434
-0.241725,0.100752,0.130569,-0.35222
-0.240233,0.0967989,0.16561,-0.432819
-0.238464,0.0922199,0.185181,-0.475992
-0.236578,0.087386,0.190325,-0.487088
